{"cameraMode":{"drawMode":0,"name":"Shaded","section":"Shading Mode"},"sceneLighting":true,"audioPlay":false,"sceneViewState":{"showFog":true,"showMaterialUpdate":false,"showSkybox":true,"showFlares":true,"showImageEffects":true,"showParticleSystems":true},"in2DMode":false,"pivot":{"x":1057.0198974609375,"y":131.97882080078126,"z":839.4012451171875},"rotation":{"x":0.26180344820022585,"y":-0.22191593050956727,"z":0.061990540474653247,"w":0.93721604347229},"size":20.400306701660158,"orthographic":false}